,Furniture,Office Supplies,Technology
2011-01-04,0.0,16.448,0.0
2011-01-05,0.0,288.06,0.0
2011-01-06,0.0,19.536,0.0
2011-01-07,2573.82,685.34,1147.94
2011-01-08,76.72800000000001,10.429999999999998,0.0
2011-01-09,0.0,0.0,0.0
2011-01-10,0.0,9.344,31.200000000000003
2011-01-11,51.94,2.89,0.0
2011-01-12,9.94,0.0,0.0
2011-01-13,0.0,0.0,0.0
2011-01-14,879.9389999999999,2027.1160000000004,646.74
2011-01-15,61.96,0.0,0.0
2011-01-16,0.0,0.0,149.95
2011-01-17,127.10400000000001,48.66000000000001,124.19999999999999
2011-01-18,0.0,0.0,0.0
2011-01-19,0.0,64.864,0.0
2011-01-20,181.47000000000003,197.124,0.0
2011-01-21,1413.51,560.4300000000001,699.93
2011-01-22,25.248,0.0,0.0
2011-01-23,0.0,0.0,0.0
2011-01-24,0.0,46.019999999999996,0.0
2011-01-25,0.0,0.0,0.0
2011-01-26,0.0,0.0,0.0
2011-01-27,217.20000000000002,536.72,343.33
2011-01-28,333.0,93.66999999999999,0.0
2011-01-29,0.0,3.9280000000000004,0.0
2011-01-30,0.0,0.0,0.0
2011-01-31,0.0,240.5,0.0
2011-02-01,290.666,0.0,0.0
2011-02-02,0.0,0.0,468.90000000000003
2011-02-03,0.0,30.686000000000003,180.96
2011-02-04,0.0,97.11200000000001,0.0
2011-02-05,0.0,134.38400000000001,0.0
2011-02-06,0.0,0.0,0.0
2011-02-07,0.0,23.951999999999998,306.56
2011-02-08,0.0,64.96,115.36
2011-02-09,14.56,0.0,0.0
2011-02-10,0.0,0.0,0.0
2011-02-11,0.0,0.0,0.0
2011-02-12,1650.05,158.9,234.45000000000002
2011-02-13,129.568,0.0,0.0
2011-02-14,0.0,0.0,0.0
2011-02-15,0.0,336.756,239.96999999999997
2011-02-16,0.0,21.36,0.0
2011-02-17,0.0,9.039999999999997,0.0
2011-02-18,0.0,54.208,0.0
2011-02-19,25.16,12.624,0.0
2011-02-20,0.0,0.0,0.0
2011-02-21,20.32,12.96,62.31
2011-02-22,0.0,8.849999999999998,0.0
2011-02-23,0.0,19.44,0.0
2011-02-24,0.0,11.364,0.0
2011-02-25,0.0,55.672000000000004,0.0
2011-02-26,0.0,0.0,0.0
2011-02-27,0.0,0.0,0.0
2011-02-28,0.0,19.456000000000003,0.0
2011-03-01,1893.995,303.216,5.9399999999999995
2011-03-02,0.0,51.184,151.20000000000002
2011-03-03,928.8020000000001,407.09999999999997,9.99
2011-03-04,0.0,370.45200000000006,0.0
2011-03-05,0.0,225.59199999999998,479.97
2011-03-06,0.0,0.0,0.0
2011-03-07,966.9840000000002,594.078,0.0
2011-03-08,0.0,0.0,0.0
2011-03-09,0.0,0.0,0.0
2011-03-10,0.0,741.9560000000001,0.0
2011-03-11,8.32,289.064,620.9300000000001
2011-03-12,0.0,0.0,0.0
2011-03-13,0.0,0.0,0.0
2011-03-14,1139.92,310.91999999999996,657.71
2011-03-15,45.696,325.086,0.0
2011-03-16,0.0,0.0,471.92
2011-03-17,3265.23,695.128,0.0
2011-03-18,1462.4499999999998,1904.518,24739.748
2011-03-19,25.008000000000003,71.53800000000001,494.21600000000007
2011-03-20,0.0,0.0,0.0
2011-03-21,251.328,358.558,3499.9300000000003
2011-03-22,314.352,149.741,0.0
2011-03-23,0.0,340.31199999999995,604.752
2011-03-24,40.48,24.900000000000002,0.0
2011-03-25,366.786,46.879999999999995,45.48
2011-03-26,0.0,50.04600000000001,95.084
2011-03-27,0.0,0.0,0.0
2011-03-28,1515.308,6.12,302.376
2011-03-29,890.8409999999999,0.0,0.0
2011-03-30,332.96799999999996,585.4100000000001,251.94400000000002
2011-03-31,1125.4879999999998,754.08,79.98400000000001
2011-04-01,0.0,119.88799999999999,0.0
2011-04-02,177.68,230.94800000000004,1049.93
2011-04-03,0.0,11.16,222.29
2011-04-04,5.47,370.394,99.98
2011-04-05,0.0,5266.107999999999,28.99
2011-04-06,933.384,266.652,450.654
2011-04-07,8.96,181.29000000000002,830.9199999999998
2011-04-08,1487.622,71.168,399.96
2011-04-09,0.0,0.0,0.0
2011-04-10,0.0,0.0,0.0
2011-04-11,0.0,113.944,1801.2960000000003
2011-04-12,308.499,90.168,1513.4560000000001
2011-04-13,0.0,566.648,71.928
2011-04-14,0.0,0.0,0.0
2011-04-15,187.76,106.96,0.0
2011-04-16,0.0,39.072,0.0
2011-04-17,0.0,0.0,0.0
2011-04-18,317.058,187.53,515.944
2011-04-19,76.14,129.33,0.0
2011-04-20,1205.61,44.84000000000001,0.0
2011-04-21,0.0,845.3599999999999,0.0
2011-04-22,0.0,257.752,0.0
2011-04-23,585.0799999999999,58.9,0.0
2011-04-24,0.0,0.0,0.0
2011-04-25,1790.29,287.328,302.376
2011-04-26,230.28000000000003,52.288000000000004,0.0
2011-04-27,0.0,0.0,0.0
2011-04-28,0.0,738.5360000000001,1839.94
2011-04-29,631.004,117.86000000000001,19.98
2011-04-30,0.0,1000.95,47.79
2011-05-01,0.0,0.0,0.0
2011-05-02,0.0,26.136000000000003,479.98400000000004
2011-05-03,0.0,72.632,0.0
2011-05-04,39.64,147.792,0.0
2011-05-05,127.869,133.108,0.0
2011-05-06,0.0,254.456,0.0
2011-05-07,1066.5700000000002,24.78,0.0
2011-05-08,0.0,0.0,1799.9699999999998
2011-05-09,0.0,158.70999999999998,235.76999999999998
2011-05-10,606.749,261.45,1475.6000000000001
2011-05-11,1279.072,157.962,205.768
2011-05-12,734.846,0.0,0.0
2011-05-13,279.456,468.956,149.97
2011-05-14,310.88000000000005,0.0,0.0
2011-05-15,0.0,0.0,0.0
2011-05-16,232.88,0.0,56.400000000000006
2011-05-17,0.0,91.67999999999999,0.0
2011-05-18,149.232,19.92,779.796
2011-05-19,0.0,91.62,0.0
2011-05-20,150.192,149.128,20.784000000000002
2011-05-21,107.772,3538.5860000000002,617.97
2011-05-22,0.0,0.0,180.93
2011-05-23,0.0,268.57,55.188
2011-05-24,0.0,116.28,0.0
2011-05-25,29.32,90.21999999999998,0.0
2011-05-26,875.734,164.416,285.568
2011-05-27,567.12,376.78,1213.494
2011-05-28,0.0,136.96,85.00800000000001
2011-05-29,0.0,0.0,0.0
2011-05-30,355.455,385.482,1183.976
2011-05-31,0.0,0.0,773.7
2011-06-01,2024.0600000000002,2282.5299999999997,881.93
2011-06-02,73.32000000000001,425.308,239.96999999999997
2011-06-03,577.424,163.912,0.0
2011-06-04,424.48799999999994,31.784,0.0
2011-06-05,0.0,0.0,0.0
2011-06-06,991.7640000000001,382.23699999999997,0.0
2011-06-07,268.935,12.461999999999996,0.0
2011-06-08,755.904,1745.3600000000001,0.0
2011-06-09,3233.744,338.712,1890.5520000000001
2011-06-10,0.0,491.55,0.0
2011-06-11,0.0,0.0,0.0
2011-06-12,0.0,0.0,0.0
2011-06-13,0.0,14.52,0.0
2011-06-14,212.94,0.0,0.0
2011-06-15,897.862,45.112,0.0
2011-06-16,647.84,115.952,0.0
2011-06-17,6.24,3346.2920000000004,65.97
2011-06-18,0.0,0.0,139.8
2011-06-19,0.0,0.0,0.0
2011-06-20,193.0656,1015.5000000000001,620.384
2011-06-21,107.994,255.92000000000002,3743.529
2011-06-22,1023.9879999999998,671.9760000000001,279.534
2011-06-23,0.0,23.119999999999997,86.376
2011-06-24,4.272,0.0,0.0
2011-06-25,447.84,80.96000000000001,263.96000000000004
2011-06-26,0.0,0.0,0.0
2011-06-27,85.98,306.2,223.96
2011-06-28,1228.465,417.32599999999996,0.0
2011-06-29,0.0,46.67999999999999,0.0
2011-06-30,0.0,739.624,0.0
2011-07-01,0.0,25.104000000000003,575.92
2011-07-02,0.0,5.58,73.98
2011-07-03,0.0,0.0,0.0
2011-07-04,0.0,247.40800000000002,0.0
2011-07-05,232.73600000000002,731.3980000000001,479.97
2011-07-06,478.48,0.0,559.9920000000001
2011-07-07,241.194,0.0,0.0
2011-07-08,566.3700000000001,196.704,0.0
2011-07-09,119.83299999999998,145.68800000000002,0.0
2011-07-10,0.0,0.0,0.0
2011-07-11,979.0500000000001,269.368,938.7880000000001
2011-07-12,1333.846,346.39,279.77600000000007
2011-07-13,351.216,0.0,0.0
2011-07-14,31.983999999999998,184.856,75.75399999999999
2011-07-15,0.0,6.540000000000001,2.9699999999999998
2011-07-16,0.0,0.0,0.0
2011-07-17,0.0,0.0,0.0
2011-07-18,259.136,13.904,0.0
2011-07-19,70.55999999999999,30.786,359.98
2011-07-20,1041.132,1202.714,41.94
2011-07-21,1732.346,193.156,35.98
2011-07-22,888.0720000000001,300.292,159.98
2011-07-23,0.0,58.10000000000001,2555.084
2011-07-24,0.0,0.0,0.0
2011-07-25,77.92,8263.369999999999,0.0
2011-07-26,919.4480000000001,2494.5259999999994,1626.02
2011-07-27,0.0,342.05999999999995,238.0
2011-07-28,129.888,63.264,0.0
2011-07-29,0.0,0.0,0.0
2011-07-30,1367.84,0.0,0.0
2011-07-31,0.0,0.0,0.0
2011-08-01,44.128,184.20000000000002,0.0
2011-08-02,0.0,865.08,21.2
2011-08-03,218.75,259.244,0.0
2011-08-04,0.0,2087.774,655.38
2011-08-05,1962.724,293.65,152.35000000000002
2011-08-06,0.0,0.0,262.89
2011-08-07,0.0,0.0,0.0
2011-08-08,658.472,705.275,2591.882
2011-08-09,0.0,2116.965,1488.7200000000003
2011-08-10,0.0,0.0,0.0
2011-08-11,12.35,439.27,0.0
2011-08-12,85.44,509.066,1237.874
2011-08-13,0.0,0.0,0.0
2011-08-14,0.0,0.0,0.0
2011-08-15,195.136,647.646,0.0
2011-08-16,853.0919999999999,0.0,0.0
2011-08-17,0.0,160.382,339.96
2011-08-18,0.0,0.0,0.0
2011-08-19,928.0600000000001,511.046,0.0
2011-08-20,921.612,917.11,0.0
2011-08-21,0.0,0.0,0.0
2011-08-22,0.0,23.104000000000003,0.0
2011-08-23,4.224,417.36,143.64000000000001
2011-08-24,13.28,46.46,0.0
2011-08-25,6.28,342.326,1103.044
2011-08-26,10.68,29.36,326.77
2011-08-27,1232.06,44.64,793.43
2011-08-28,0.0,0.0,0.0
2011-08-29,174.0585,658.2640000000001,0.0
2011-08-30,0.0,121.24,0.0
2011-08-31,0.0,0.0,92.52
2011-09-01,0.0,112.436,357.0
2011-09-02,70.71,1907.81,1275.63
2011-09-03,0.0,22.08,0.0
2011-09-04,0.0,0.0,0.0
2011-09-05,31.983999999999998,264.32,0.0
2011-09-06,41.88,58.48,0.0
2011-09-07,1714.5929999999998,651.076,1158.2060000000001
2011-09-08,3855.4439999999995,1692.2559999999999,8680.728
2011-09-09,864.0239999999999,1679.354,1500.21
2011-09-10,1741.94,113.28800000000001,0.0
2011-09-11,127.94999999999999,0.0,0.0
2011-09-12,3825.8520000000003,936.202,142.606
2011-09-13,354.306,206.162,714.94
2011-09-14,629.7800000000001,1289.0159999999998,3104.92
2011-09-15,118.496,14.940000000000001,0.0
2011-09-16,0.0,33.552,0.0
2011-09-17,35.34,651.354,133.829
2011-09-18,0.0,0.0,0.0
2011-09-19,961.0179999999999,172.694,8204.925
2011-09-20,3071.6400000000003,213.368,2050.96
2011-09-21,8.544,384.77,2286.338
2011-09-22,676.9680000000001,563.298,0.0
2011-09-23,435.999,10142.354000000001,83.98400000000001
2011-09-24,0.0,211.96,0.0
2011-09-25,300.53279999999995,54.356,0.0
2011-09-26,752.304,571.334,156.976
2011-09-27,691.4599999999999,81.98,0.0
2011-09-28,337.088,153.20399999999998,0.0
2011-09-29,3153.3880000000004,4269.362,686.32
2011-09-30,15.24,972.2920000000001,0.0
2011-10-01,0.0,4.71,0.0
2011-10-02,0.0,42.208,555.936
2011-10-03,555.8389999999999,164.35600000000002,142.488
2011-10-04,589.41,139.33800000000002,0.0
2011-10-05,0.0,91.92,99.98
2011-10-06,0.0,485.62,9.09
2011-10-07,129.92,107.44,0.0
2011-10-08,0.0,123.92,23.472
2011-10-09,0.0,233.36800000000002,15.991999999999999
2011-10-10,169.224,302.27199999999993,1577.8900000000003
2011-10-11,505.9580000000001,530.206,345.0
2011-10-12,0.0,58.53,0.0
2011-10-13,1544.53,618.9119999999999,48.74
2011-10-14,1628.82,719.7040000000001,2176.96
2011-10-15,198.75599999999997,7.968000000000001,0.0
2011-10-16,0.0,14.352000000000002,179.97
2011-10-17,5.312,10.779999999999996,119.97600000000001
2011-10-18,1151.22,588.746,1394.95
2011-10-19,0.0,201.976,439.12800000000004
2011-10-20,328.59000000000003,852.546,319.968
2011-10-21,1000.9100000000001,355.692,0.0
2011-10-22,223.808,0.0,0.0
2011-10-23,0.0,0.0,0.0
2011-10-24,0.0,56.49,0.0
2011-10-25,0.0,63.106,40.775999999999996
2011-10-26,63.92,0.0,383.96000000000004
2011-10-27,0.0,22.320000000000004,0.0
2011-10-28,616.998,635.604,257.98
2011-10-29,0.0,75.88,2737.9320000000002
2011-10-30,0.0,0.0,0.0
2011-10-31,3591.032,703.164,1067.83
2011-11-01,100.38399999999999,1512.912,3118.784
2011-11-02,89.34,417.02200000000005,1620.008
2011-11-03,1355.388,554.845,873.9300000000001
2011-11-04,744.9499999999999,206.566,5742.232
2011-11-05,443.50800000000004,1093.29,157.766
2011-11-06,0.0,43.68,0.0
2011-11-07,683.1439999999999,765.998,0.0
2011-11-08,0.0,0.0,333.576
2011-11-09,279.186,590.94,703.9680000000001
2011-11-10,657.02,733.01,612.526
2011-11-11,2071.424,4415.426,1627.6979999999999
2011-11-12,722.1852000000001,125.08000000000001,207.496
2011-11-13,0.0,0.0,0.0
2011-11-14,69.264,132.536,832.93
2011-11-15,10.11,998.2420000000001,772.47
2011-11-16,343.27049999999997,658.73,353.928
2011-11-17,5270.080000000001,6174.214,99.98
2011-11-18,2191.732,665.571,549.5519999999999
2011-11-19,1025.8799999999999,639.02,5561.186000000001
2011-11-20,0.0,73.62,833.94
2011-11-21,0.0,849.6819999999999,399.94
2011-11-22,0.0,1103.298,0.0
2011-11-23,1147.1,180.64600000000002,35.534
2011-11-24,1029.808,1884.662,2664.136
2011-11-25,2302.9669999999996,1548.136,564.592
2011-11-26,19.3,968.394,718.296
2011-11-27,199.89999999999998,3.76,0.0
2011-11-28,808.932,333.118,1138.78
2011-11-29,0.0,73.124,575.92
2011-11-30,0.0,116.91400000000002,102.24000000000001
2011-12-01,4513.606,82.92800000000001,1027.8559999999998
2011-12-02,1282.8,243.298,245.71
2011-12-03,0.0,25.92,479.96
2011-12-04,0.0,0.0,129.98
2011-12-05,0.0,2170.252,793.39
2011-12-06,525.192,1410.746,35.04
2011-12-07,0.0,548.3999999999999,0.0
2011-12-08,723.24,215.28,156.60000000000002
2011-12-09,0.0,442.67600000000004,1079.9759999999999
2011-12-10,338.352,234.98399999999998,0.0
2011-12-11,0.0,0.0,0.0
2011-12-12,4695.6005000000005,242.80399999999997,0.0
2011-12-13,182.388,110.764,0.0
2011-12-14,322.834,19.887999999999998,7298.936
2011-12-15,1223.786,0.0,40.68
2011-12-16,2798.4320000000002,153.639,1442.1160000000002
2011-12-17,0.0,45.534,0.0
2011-12-18,0.0,0.0,0.0
2011-12-19,1819.8600000000001,250.156,1366.744
2011-12-20,4039.8140000000003,2337.266,585.3599999999999
2011-12-21,1897.92,35.52,0.0
2011-12-22,0.0,798.9680000000001,0.0
2011-12-23,118.1,824.008,0.0
2011-12-24,346.62200000000007,548.698,1054.882
2011-12-25,0.0,0.0,0.0
2011-12-26,1353.1580000000001,688.2560000000001,0.0
2011-12-27,1212.798,1255.5900000000001,498.0
2011-12-28,0.0,3732.296,0.0
2011-12-29,143.172,505.25199999999995,1423.672
2011-12-30,523.764,774.6110000000001,874.2760000000001
2011-12-31,2584.5280000000002,308.72799999999995,2360.014
2012-01-01,0.0,0.0,0.0
2012-01-02,452.45,139.08,1340.5660000000003
2012-01-03,1352.3975999999998,17.424,398.40000000000003
2012-01-04,192.22,72.24000000000001,0.0
2012-01-05,61.584,233.688,0.0
2012-01-06,0.0,31.538000000000004,0.0
2012-01-07,0.0,0.0,0.0
2012-01-08,0.0,0.0,0.0
2012-01-09,0.0,364.07,0.0
2012-01-10,1018.1039999999999,0.0,0.0
2012-01-11,0.0,0.0,0.0
2012-01-12,0.0,475.548,379.066
2012-01-13,542.4499999999999,79.828,0.0
2012-01-14,0.0,0.0,0.0
2012-01-15,0.0,0.0,0.0
2012-01-16,0.0,0.0,0.0
2012-01-17,254.74400000000003,95.64000000000001,0.0
2012-01-18,0.0,0.0,0.0
2012-01-19,301.742,0.0,0.0
2012-01-20,0.0,0.0,0.0
2012-01-21,0.0,0.0,0.0
2012-01-22,0.0,0.0,0.0
2012-01-23,0.0,43.66,0.0
2012-01-24,0.0,13.120000000000001,0.0
2012-01-25,0.0,0.0,0.0
2012-01-26,0.0,182.72,0.0
2012-01-27,2985.906,0.0,587.346
2012-01-28,4297.644,0.0,0.0
2012-01-29,0.0,0.0,0.0
2012-01-30,227.35999999999999,14.303999999999998,1919.976
2012-01-31,53.34,45.92,0.0
2012-02-01,0.0,0.0,0.0
2012-02-02,0.0,0.0,0.0
2012-02-03,256.202,86.664,149.97
2012-02-04,0.0,0.0,0.0
2012-02-05,0.0,0.0,0.0
2012-02-06,1552.74,861.2760000000001,18.528000000000002
2012-02-07,0.0,324.10999999999996,0.0
2012-02-08,0.0,21.11,107.982
2012-02-09,244.70399999999998,40.096000000000004,500.752
2012-02-10,0.0,77.24000000000001,0.0
2012-02-11,0.0,0.0,0.0
2012-02-12,0.0,0.0,0.0
2012-02-13,0.0,0.0,0.0
2012-02-14,0.0,58.01400000000001,1021.948
2012-02-15,0.0,627.48,974.9000000000001
2012-02-16,0.0,160.43,0.0
2012-02-17,0.0,0.0,0.0
2012-02-18,35.544000000000004,70.3,0.0
2012-02-19,0.0,0.0,0.0
2012-02-20,0.0,286.78999999999996,29.99
2012-02-21,0.0,2591.1,0.0
2012-02-22,0.0,79.36,0.0
2012-02-23,0.0,37.776,0.0
2012-02-24,0.0,0.0,0.0
2012-02-25,0.0,25.869999999999997,0.0
2012-02-26,0.0,0.0,0.0
2012-02-27,493.9199999999999,20.451,644.9000000000001
2012-02-28,551.264,0.0,0.0
2012-02-29,184.752,58.72,15.984000000000002
2012-03-01,1227.9984,58.88,95.84
2012-03-02,787.53,112.03999999999999,0.0
2012-03-03,0.0,0.0,0.0
2012-03-04,0.0,0.0,0.0
2012-03-05,521.259,915.698,532.31
2012-03-06,435.26,0.0,1119.9840000000002
2012-03-07,0.0,99.72,707.82
2012-03-08,1746.9499999999998,46.396,769.95
2012-03-09,0.0,4.608,473.4
2012-03-10,0.0,90.932,0.0
2012-03-11,0.0,0.0,0.0
2012-03-12,37.288000000000004,13.728000000000002,0.0
2012-03-13,1384.8560000000002,0.0,0.0
2012-03-14,0.0,707.9,0.0
2012-03-15,0.0,0.0,16.776000000000003
2012-03-16,215.09,6929.219999999999,85.9
2012-03-17,0.0,33.82,15.02
2012-03-18,0.0,0.0,0.0
2012-03-19,383.46559999999994,1665.9679999999998,3603.5060000000003
2012-03-20,0.0,1348.2140000000002,199.98
2012-03-21,0.0,1270.379,0.0
2012-03-22,91.96,419.168,1970.296
2012-03-23,107.772,285.56,239.96999999999997
2012-03-24,405.95799999999997,6.992000000000001,0.0
2012-03-25,0.0,0.0,0.0
2012-03-26,3393.68,1212.914,16.776000000000003
2012-03-27,0.0,83.69999999999999,0.0
2012-03-28,0.0,77.104,166.24
2012-03-29,1186.8400000000001,318.99,53.25
2012-03-30,366.74399999999997,23.52,180.96
2012-03-31,22.38,98.376,79.96
2012-04-01,0.0,0.0,0.0
2012-04-02,0.0,41.34799999999999,257.872
2012-04-03,0.0,0.0,0.0
2012-04-04,108.4,765.268,610.9300000000001
2012-04-05,1799.394,877.8860000000001,296.778
2012-04-06,0.0,114.51599999999999,25.488
2012-04-07,0.0,523.4839999999999,383.952
2012-04-08,0.0,0.0,0.0
2012-04-09,369.91200000000003,388.08,0.0
2012-04-10,0.0,169.54199999999997,0.0
2012-04-11,121.88799999999999,459.35999999999996,747.0980000000001
2012-04-12,0.0,40.74,0.0
2012-04-13,1811.432,202.81400000000002,1178.432
2012-04-14,0.0,35.208,0.0
2012-04-15,0.0,0.0,0.0
2012-04-16,1847.884,142.138,2171.95
2012-04-17,0.0,1538.1759999999997,1206.93
2012-04-18,152.83599999999998,1363.464,490.66
2012-04-19,0.0,329.9599999999999,0.0
2012-04-20,595.38,311.37600000000003,287.96999999999997
2012-04-21,401.84000000000003,21.299999999999997,469.95
2012-04-22,0.0,64.14,88.77600000000001
2012-04-23,0.0,0.0,0.0
2012-04-24,0.0,25.99,0.0
2012-04-25,128.058,792.888,0.0
2012-04-26,1592.8495000000003,185.28,311.97600000000006
2012-04-27,1267.53,72.14000000000001,1379.92
2012-04-28,0.0,4044.362,0.0
2012-04-29,0.0,7.968000000000001,0.0
2012-04-30,278.29499999999996,41.13000000000001,1252.27
2012-05-01,63.55200000000001,298.636,88.752
2012-05-02,0.0,8.856,158.376
2012-05-03,1509.9959999999999,321.252,367.512
2012-05-04,49.088,125.92999999999999,946.344
2012-05-05,0.0,0.0,0.0
2012-05-06,0.0,0.0,0.0
2012-05-07,244.00599999999997,61.616,0.0
2012-05-08,339.516,464.538,3177.9139999999998
2012-05-09,0.0,48.81,0.0
2012-05-10,0.0,107.75399999999999,46.688
2012-05-11,191.96800000000002,0.0,0.0
2012-05-12,21.968000000000004,217.64600000000002,820.7360000000001
2012-05-13,0.0,16.0,222.38400000000001
2012-05-14,1452.7875,1688.4120000000003,0.0
2012-05-15,0.0,69.908,0.0
2012-05-16,0.0,0.0,255.968
2012-05-17,0.0,134.468,0.0
2012-05-18,0.0,10.86,0.0
2012-05-19,0.0,0.0,0.0
2012-05-20,163.136,6.408,0.0
2012-05-21,0.0,72.332,0.0
2012-05-22,0.0,113.05000000000001,3749.0480000000002
2012-05-23,75.33,1229.626,0.0
2012-05-24,602.651,7.655999999999999,0.0
2012-05-25,14.73,1049.664,675.024
2012-05-26,230.856,184.224,567.4839999999999
2012-05-27,0.0,0.0,0.0
2012-05-28,0.0,748.156,45.99
2012-05-29,358.626,846.2159999999999,0.0
2012-05-30,0.0,160.32,520.78
2012-05-31,4056.7400000000002,1121.398,0.0
2012-06-01,0.0,492.31800000000004,341.88
2012-06-02,0.0,0.0,0.0
2012-06-03,0.0,0.0,0.0
2012-06-04,35.28,47.08,1109.95
2012-06-05,1522.638,10.56,0.0
2012-06-06,0.0,0.0,0.0
2012-06-07,0.0,59.76800000000001,0.0
2012-06-08,173.208,907.528,2.3760000000000003
2012-06-09,355.36,228.78000000000003,212.976
2012-06-10,0.0,0.0,0.0
2012-06-11,1201.7520000000002,1868.528,303.28400000000005
2012-06-12,43.296,75.196,55.98400000000001
2012-06-13,0.0,160.948,967.95
2012-06-14,51.072,0.0,0.0
2012-06-15,404.96000000000004,91.93599999999999,237.24799999999996
2012-06-16,197.37199999999999,3112.552,133.98
2012-06-17,0.0,0.0,0.0
2012-06-18,779.336,635.781,467.97
2012-06-19,12.56,433.786,0.0
2012-06-20,257.64,0.0,571.904
2012-06-21,0.0,0.0,107.97600000000001
2012-06-22,796.4250000000001,1222.528,0.0
2012-06-23,27.42,171.41,638.128
2012-06-24,0.0,0.0,0.0
2012-06-25,280.23400000000004,576.846,0.0
2012-06-26,332.94,245.476,1013.7800000000001
2012-06-27,0.0,0.0,0.0
2012-06-28,1104.7,281.766,0.0
2012-06-29,137.986,24.96,269.98
2012-06-30,0.0,0.0,0.0
2012-07-01,0.0,0.0,0.0
2012-07-02,950.378,607.284,74.24
2012-07-03,522.3320000000001,301.65000000000003,0.0
2012-07-04,0.0,38.328,1099.96
2012-07-05,9.856000000000002,76.99000000000001,34.800000000000004
2012-07-06,642.092,612.77,124.94999999999999
2012-07-07,0.0,0.0,0.0
2012-07-08,0.0,21.12,0.0
2012-07-09,181.96,670.202,734.952
2012-07-10,0.0,43.286,0.0
2012-07-11,856.4680000000001,369.48400000000004,716.0
2012-07-12,391.36699999999996,8.839999999999998,1652.3600000000001
2012-07-13,1931.04,102.216,0.0
2012-07-14,569.6840000000001,291.23199999999997,0.0
2012-07-15,0.0,0.0,0.0
2012-07-16,2199.8360000000002,229.65,599.9
2012-07-17,427.386,20.696,0.0
2012-07-18,7.38,9.088000000000001,655.95
2012-07-19,0.0,2.0250000000000004,0.0
2012-07-20,1298.374,410.01,984.7840000000001
2012-07-21,0.0,0.0,0.0
2012-07-22,0.0,0.0,0.0
2012-07-23,128.82,79.452,0.0
2012-07-24,20.94,225.15,279.85999999999996
2012-07-25,1625.048,146.016,623.96
2012-07-26,659.517,309.708,0.0
2012-07-27,0.0,0.0,29.97
2012-07-28,0.0,0.0,0.0
2012-07-29,0.0,0.0,0.0
2012-07-30,161.16,72.712,209.92999999999998
2012-07-31,1090.782,72.03,2549.35
2012-08-01,1004.9760000000001,6.72,0.0
2012-08-02,388.48,14.768,887.23
2012-08-03,0.0,0.0,0.0
2012-08-04,0.0,0.0,0.0
2012-08-05,14.76,57.89000000000001,0.0
2012-08-06,369.19919999999996,125.67,0.0
2012-08-07,212.94,260.296,494.97
2012-08-08,144.784,615.328,79.99
2012-08-09,1755.876,1586.786,1535.73
2012-08-10,0.0,273.16200000000003,578.3120000000001
2012-08-11,46.152,11.96,138.0
2012-08-12,0.0,0.0,0.0
2012-08-13,31.56,555.336,0.0
2012-08-14,0.0,0.0,0.0
2012-08-15,104.23,393.36,0.0
2012-08-16,555.822,392.18199999999996,2430.928
2012-08-17,0.0,98.76,282.88
2012-08-18,0.0,0.0,0.0
2012-08-19,0.0,0.0,0.0
2012-08-20,0.0,0.0,0.0
2012-08-21,1754.848,1050.944,21.728
2012-08-22,0.0,66.632,0.0
2012-08-23,0.0,950.3679999999999,251.91
2012-08-24,1218.0589999999997,2175.804,3800.9120000000003
2012-08-25,68.768,109.758,0.0
2012-08-26,0.0,0.0,0.0
2012-08-27,0.0,639.974,0.0
2012-08-28,415.307,2132.89,3943.0960000000005
2012-08-29,0.0,0.0,246.5
2012-08-30,0.0,0.0,0.0
2012-08-31,1552.831,216.52,832.446
2012-09-01,185.1,1222.48,959.984
2012-09-02,0.0,0.0,0.0
2012-09-03,367.72,1259.3380000000002,247.83999999999997
2012-09-04,0.0,316.95799999999997,754.3259999999999
2012-09-05,778.651,155.452,0.0
2012-09-06,549.564,71.78999999999999,384.3
2012-09-07,556.106,924.6669999999999,1441.8939999999998
2012-09-08,21.36,68.28,0.0
2012-09-09,0.0,0.0,0.0
2012-09-10,648.526,767.2,0.0
2012-09-11,244.24,1697.8999999999999,19.99
2012-09-12,0.0,205.86,501.96400000000006
2012-09-13,2917.822,327.99,199.96
2012-09-14,1082.886,1299.55,879.984
2012-09-15,1976.884,498.996,59.97
2012-09-16,0.0,31.12,0.0
2012-09-17,10006.174,493.994,1024.838
2012-09-18,24.4,1422.88,2477.04
2012-09-19,122.80000000000001,31.36,346.21999999999997
2012-09-20,0.0,1836.0520000000001,0.0
2012-09-21,3119.064,1431.87,2431.124
2012-09-22,252.57999999999998,912.9480000000001,617.9760000000001
2012-09-23,0.0,0.0,0.0
2012-09-24,1940.51,1399.8239999999998,880.2600000000001
2012-09-25,1454.348,350.579,1228.83
2012-09-26,0.0,1378.2890000000002,2343.9840000000004
2012-09-27,24.288,486.79,1871.88
2012-09-28,0.0,713.5999999999999,344.764
2012-09-29,0.0,0.0,0.0
2012-09-30,0.0,0.0,0.0
2012-10-01,0.0,164.866,993.5480000000001
2012-10-02,11.032,611.2339999999999,647.0
2012-10-03,156.156,47.078,71.98400000000001
2012-10-04,457.88399999999996,47.696000000000005,0.0
2012-10-05,357.462,152.59,341.04
2012-10-06,0.0,0.0,0.0
2012-10-07,0.0,0.0,0.0
2012-10-08,218.68,3.44,0.0
2012-10-09,389.97,462.49499999999995,1281.07
2012-10-10,362.13599999999997,1886.058,0.0
2012-10-11,957.5775,22.368000000000002,31.95
2012-10-12,1735.1580000000001,166.26,489.3399999999999
2012-10-13,287.94,0.0,83.72
2012-10-14,0.0,0.0,0.0
2012-10-15,2601.946,13.768,603.84
2012-10-16,0.0,0.0,824.97
2012-10-17,0.0,77.88,0.0
2012-10-18,10.11,91.10399999999998,277.28000000000003
2012-10-19,0.0,1715.1399999999999,419.95
2012-10-20,455.55600000000004,24.56,239.96999999999997
2012-10-21,0.0,0.0,0.0
2012-10-22,0.0,15.127999999999998,0.0
2012-10-23,1275.1040000000003,140.74400000000003,846.4480000000001
2012-10-24,801.633,29.512000000000004,0.0
2012-10-25,1126.612,139.81,158.99
2012-10-26,0.0,1221.029,174.30400000000003
2012-10-27,0.0,0.0,0.0
2012-10-28,57.21,47.300000000000004,0.0
2012-10-29,0.0,244.24,0.0
2012-10-30,15.488,182.91,1923.646
2012-10-31,748.969,1166.2,1295.8400000000001
2012-11-01,1094.388,24.567999999999998,1987.15
2012-11-02,4379.385,356.53200000000004,792.634
2012-11-03,1491.42,6.6080000000000005,1302.818
2012-11-04,0.0,0.0,0.0
2012-11-05,207.0,627.874,0.0
2012-11-06,0.0,11.481000000000002,0.0
2012-11-07,970.8800000000001,1814.2830000000001,287.90999999999997
2012-11-08,5252.4259999999995,768.761,6175.81
2012-11-09,1024.38,360.082,3235.83
2012-11-10,29.22,2877.794,629.89
2012-11-11,0.0,542.178,0.0
2012-11-12,670.056,357.144,100.792
2012-11-13,1781.1372000000001,600.2040000000001,1209.736
2012-11-14,1190.332,925.75,396.62800000000004
2012-11-15,39.96,662.21,0.0
2012-11-16,1784.164,743.458,1544.712
2012-11-17,1667.0279999999998,1802.99,415.9680000000001
2012-11-18,0.0,0.0,0.0
2012-11-19,141.96,37.064,861.76
2012-11-20,1656.7,637.7379999999999,566.712
2012-11-21,2055.7748,506.05400000000003,1051.746
2012-11-22,206.96200000000002,347.384,60.153000000000006
2012-11-23,0.0,3142.2079999999996,307.98
2012-11-24,79.76,1125.024,13.98
2012-11-25,0.0,13.120000000000001,0.0
2012-11-26,692.472,191.62,599.99
2012-11-27,1315.3955,404.77,1389.618
2012-11-28,625.962,590.616,647.904
2012-11-29,1408.87,1329.818,21.48
2012-11-30,1115.2000000000003,410.797,272.4
2012-12-01,6600.68,529.914,0.0
2012-12-02,0.0,0.0,0.0
2012-12-03,440.41099999999994,907.5260000000001,624.7080000000001
2012-12-04,1200.268,2035.4840000000002,1950.0620000000001
2012-12-05,306.53,503.80800000000005,86.98400000000001
2012-12-06,390.71799999999996,2171.83,3498.954
2012-12-07,363.84000000000003,200.518,773.94
2012-12-08,0.0,598.368,2074.36
2012-12-09,0.0,34.019999999999996,0.0
2012-12-10,1536.8600000000001,481.118,1062.402
2012-12-11,541.8620000000001,529.748,519.284
2012-12-12,515.4280000000001,611.1179999999999,322.308
2012-12-13,0.0,243.92000000000002,779.4660000000001
2012-12-14,324.188,164.14800000000002,369.968
2012-12-15,262.864,158.512,5073.42
2012-12-16,0.0,4.98,0.0
2012-12-17,1245.6419999999998,536.866,135.984
2012-12-18,20.32,748.7280000000001,166.24
2012-12-19,1053.164,691.908,4375.584
2012-12-20,373.42599999999993,217.286,516.752
2012-12-21,1670.126,151.208,1436.426
2012-12-22,422.62499999999994,50.688,0.0
2012-12-23,0.0,194.32,0.0
2012-12-24,1563.9940000000001,428.67,5491.902
2012-12-25,1433.564,653.564,2117.84
2012-12-26,326.646,234.83999999999997,0.0
2012-12-27,2477.9032,1305.924,1364.62
2012-12-28,0.0,24.816000000000003,54.38400000000001
2012-12-29,0.0,6.36,0.0
2012-12-30,0.0,414.9,2836.4400000000005
2012-12-31,14.76,1366.584,0.0
2013-01-01,0.0,0.0,0.0
2013-01-02,173.94,0.0,231.98
2013-01-03,1592.8500000000001,126.33999999999999,376.64000000000004
2013-01-04,0.0,109.25200000000001,959.9680000000001
2013-01-05,0.0,5.248,250.656
2013-01-06,0.0,0.0,0.0
2013-01-07,23.076,60.5,0.0
2013-01-08,1565.88,184.494,108.78399999999999
2013-01-09,15.168000000000001,0.0,727.878
2013-01-10,104.77,0.0,69.98
2013-01-11,54.992000000000004,78.864,15.588
2013-01-12,0.0,0.0,0.0
2013-01-13,0.0,0.0,0.0
2013-01-14,315.77600000000007,89.568,0.0
2013-01-15,181.79699999999997,265.156,254.96999999999997
2013-01-16,0.0,11.648000000000001,90.57000000000001
2013-01-17,322.59000000000003,0.0,717.96
2013-01-18,0.0,0.0,0.0
2013-01-19,0.0,0.0,0.0
2013-01-20,0.0,0.0,0.0
2013-01-21,1167.056,0.0,0.0
2013-01-22,575.308,176.77,165.55200000000002
2013-01-23,59.99,1572.33,99.98
2013-01-24,0.0,31.36,0.0
2013-01-25,359.702,499.01,0.0
2013-01-26,0.0,0.0,0.0
2013-01-27,0.0,0.0,0.0
2013-01-28,0.0,39.68,0.0
2013-01-29,0.0,0.0,0.0
2013-01-30,1109.848,557.5,1439.968
2013-01-31,0.0,1491.962,109.59200000000001
2013-02-01,0.0,161.97,0.0
2013-02-02,92.474,154.35999999999999,8749.95
2013-02-03,866.4,0.0,0.0
2013-02-04,14.368000000000002,93.02,90.48
2013-02-05,816.548,1428.28,749.6480000000001
2013-02-06,132.22400000000002,0.0,0.0
2013-02-07,0.0,38.182,723.96
2013-02-08,241.49999999999997,0.0,1127.976
2013-02-09,0.0,0.0,121.83
2013-02-10,0.0,0.0,0.0
2013-02-11,0.0,0.0,69.93
2013-02-12,0.0,1366.0400000000002,0.0
2013-02-13,0.0,146.82,0.0
2013-02-14,560.991,276.93,0.0
2013-02-15,0.0,407.072,0.0
2013-02-16,935.644,110.02399999999999,89.97
2013-02-17,0.0,0.0,0.0
2013-02-18,0.0,0.0,0.0
2013-02-19,44.46,348.2,0.0
2013-02-20,0.0,16.496000000000002,0.0
2013-02-21,204.74999999999997,1266.406,52.97
2013-02-22,0.0,500.96999999999997,482.20000000000005
2013-02-23,0.0,57.576,0.0
2013-02-24,0.0,0.0,0.0
2013-02-25,0.0,46.72,0.0
2013-02-26,0.0,0.0,0.0
2013-02-27,16.192,227.7,0.0
2013-02-28,0.0,36.480000000000004,0.0
2013-03-01,0.0,111.104,0.0
2013-03-02,836.592,389.3,5059.914000000001
2013-03-03,0.0,0.0,0.0
2013-03-04,1236.6059999999998,4651.41,1376.406
2013-03-05,0.0,155.46999999999997,159.98
2013-03-06,0.0,162.344,0.0
2013-03-07,305.02,6.1049999999999995,500.178
2013-03-08,0.0,0.0,21.072
2013-03-09,215.95999999999998,474.354,1500.496
2013-03-10,354.90000000000003,80.95,199.75
2013-03-11,176.784,119.59600000000002,7583.354000000001
2013-03-12,351.262,498.78,45.98
2013-03-13,770.3520000000001,924.29,0.0
2013-03-14,1100.425,6194.303,1572.154
2013-03-15,476.736,192.632,0.0
2013-03-16,1880.462,392.36999999999995,83.97600000000001
2013-03-17,0.0,0.0,0.0
2013-03-18,971.5,1174.07,214.764
2013-03-19,189.882,871.8000000000001,0.0
2013-03-20,107.59400000000001,31.086000000000006,0.0
2013-03-21,783.61,47.92500000000001,96.77600000000001
2013-03-22,627.8019999999999,17.904,0.0
2013-03-23,167.888,0.0,58.58
2013-03-24,0.0,0.0,0.0
2013-03-25,301.46999999999997,41.136,403.168
2013-03-26,0.0,59.519999999999996,1287.45
2013-03-27,0.0,562.27,119.97600000000001
2013-03-28,60.16,32.54,0.0
2013-03-29,0.0,125.30000000000001,0.0
2013-03-30,1558.091,130.13600000000002,971.112
2013-03-31,0.0,11.34,0.0
2013-04-01,327.99600000000004,0.0,312.766
2013-04-02,1324.532,788.838,48.11
2013-04-03,1454.9,0.0,0.0
2013-04-04,71.12,110.11800000000001,259.96
2013-04-05,82.64,647.6139999999999,239.94
2013-04-06,0.0,927.5520000000001,118.78199999999998
2013-04-07,0.0,0.0,1294.75
2013-04-08,658.746,111.852,1199.976
2013-04-09,1024.208,1450.2679999999998,431.92800000000005
2013-04-10,556.665,40.632000000000005,517.9
2013-04-11,0.0,950.594,0.0
2013-04-12,0.0,0.0,0.0
2013-04-13,1176.5600000000002,365.97,0.0
2013-04-14,0.0,6.12,0.0
2013-04-15,1317.336,149.236,0.0
2013-04-16,1121.568,379.58400000000006,700.704
2013-04-17,9.96,190.028,9135.098
2013-04-18,355.24300000000005,29.049999999999997,36.792
2013-04-19,472.25199999999995,2012.726,29.56
2013-04-20,205.176,1143.016,65.94000000000001
2013-04-21,0.0,0.0,0.0
2013-04-22,0.0,271.616,0.0
2013-04-23,1414.37,351.095,0.0
2013-04-24,0.0,620.378,99.99
2013-04-25,1325.76,22.644000000000002,258.696
2013-04-26,0.0,25.620000000000005,82.8
2013-04-27,434.646,0.0,0.0
2013-04-28,0.0,0.0,0.0
2013-04-29,71.912,45.184000000000005,369.576
2013-04-30,0.0,0.0,0.0
2013-05-01,134.496,7.712000000000001,0.0
2013-05-02,370.62,147.246,0.0
2013-05-03,781.06,317.076,0.0
2013-05-04,51.967999999999996,257.61199999999997,789.4330000000001
2013-05-05,0.0,0.0,0.0
2013-05-06,2072.464,205.168,423.648
2013-05-07,96.312,114.47200000000001,26.176000000000002
2013-05-08,506.444,129.632,4199.9
2013-05-09,211.96,1070.172,58.112
2013-05-10,0.0,1170.3960000000002,113.11600000000001
2013-05-11,0.0,19.032,743.9879999999999
2013-05-12,0.0,5.98,0.0
2013-05-13,10.02,156.898,751.96
2013-05-14,0.0,0.0,0.0
2013-05-15,109.57600000000002,117.22600000000003,229.12800000000001
2013-05-16,0.0,648.9119999999999,0.0
2013-05-17,282.84,597.6199999999999,0.0
2013-05-18,195.848,151.074,0.0
2013-05-19,0.0,122.22,0.0
2013-05-20,717.64,864.368,0.0
2013-05-21,1049.2,58.753000000000014,1363.96
2013-05-22,0.0,200.378,2517.8360000000002
2013-05-23,174.28599999999997,704.45,920.464
2013-05-24,37.05,21.642000000000003,10502.285999999998
2013-05-25,0.0,277.756,0.0
2013-05-26,24.96,1287.0099999999998,0.0
2013-05-27,941.4440000000001,338.856,695.056
2013-05-28,3535.6600000000003,1769.4180000000003,0.0
2013-05-29,390.272,770.652,976.4000000000001
2013-05-30,44.76,38.475,979.95
2013-05-31,3292.308,1436.692,3361.5779999999995
2013-06-01,223.14299999999997,36.016000000000005,179.7
2013-06-02,0.0,0.0,0.0
2013-06-03,0.0,157.844,0.0
2013-06-04,71.08800000000001,0.0,0.0
2013-06-05,810.541,124.148,1381.8339999999998
2013-06-06,0.0,659.82,0.0
2013-06-07,548.96,1090.48,4386.872
2013-06-08,0.0,51.562000000000005,0.0
2013-06-09,0.0,0.0,0.0
2013-06-10,815.2919999999999,0.0,873.1800000000001
2013-06-11,1335.68,76.71600000000001,0.0
2013-06-12,915.256,78.22,629.94
2013-06-13,433.396,1453.148,1076.019
2013-06-14,0.0,52.468,377.96999999999997
2013-06-15,3353.729,55.61600000000001,47.754
2013-06-16,0.0,173.48800000000003,0.0
2013-06-17,0.0,55.8,91.475
2013-06-18,1685.4299999999998,718.52,596.97
2013-06-19,0.0,541.938,0.0
2013-06-20,0.0,17.12,0.0
2013-06-21,219.258,840.6220000000001,169.668
2013-06-22,353.568,223.54000000000002,0.0
2013-06-23,0.0,0.0,0.0
2013-06-24,0.0,1612.75,862.344
2013-06-25,0.0,355.002,4955.95
2013-06-26,540.016,353.25,0.0
2013-06-27,59.88,1549.2240000000002,310.496
2013-06-28,539.658,37.464,201.584
2013-06-29,121.96,395.22,359.97600000000006
2013-06-30,0.0,191.88,0.0
2013-07-01,1266.86,35.97,50.120000000000005
2013-07-02,0.0,193.586,1530.79
2013-07-03,723.6139999999999,49.17200000000001,0.0
2013-07-04,0.0,847.7,0.0
2013-07-05,1329.9650000000001,71.88,249.45600000000002
2013-07-06,0.0,0.0,0.0
2013-07-07,0.0,0.0,0.0
2013-07-08,817.278,204.99900000000002,2859.9540000000006
2013-07-09,662.88,158.048,1795.5840000000003
2013-07-10,573.286,0.0,0.0
2013-07-11,0.0,553.9040000000001,341.99100000000004
2013-07-12,0.0,0.0,0.0
2013-07-13,0.0,0.0,95.76
2013-07-14,0.0,0.0,0.0
2013-07-15,661.6859999999999,548.09,940.184
2013-07-16,230.28000000000003,149.92000000000002,0.0
2013-07-17,9.552,186.28,714.338
2013-07-18,37.17,1101.526,1046.184
2013-07-19,1539.17,1281.1200000000001,71.568
2013-07-20,690.48,420.02000000000004,425.954
2013-07-21,0.0,0.0,89.94999999999999
2013-07-22,363.92,627.1750000000001,0.0
2013-07-23,39.068000000000005,1219.03,109.95
2013-07-24,0.0,273.97599999999994,380.611
2013-07-25,253.76399999999998,73.2,0.0
2013-07-26,3495.468,563.244,1861.7759999999998
2013-07-27,0.0,0.0,0.0
2013-07-28,0.0,0.0,0.0
2013-07-29,504.87000000000006,1528.5040000000001,0.0
2013-07-30,0.0,819.154,0.0
2013-07-31,0.0,1770.7759999999998,0.0
2013-08-01,1136.068,283.14000000000004,754.95
2013-08-02,19.312,65.608,1039.728
2013-08-03,136.46400000000003,12.544,333.576
2013-08-04,0.0,81.53999999999999,167.28
2013-08-05,109.8,85.726,302.384
2013-08-06,0.0,197.04999999999998,0.0
2013-08-07,0.0,109.22,211.168
2013-08-08,0.0,0.0,179.97
2013-08-09,513.024,602.18,0.0
2013-08-10,0.0,616.5699999999999,44.784
2013-08-11,0.0,0.0,0.0
2013-08-12,0.0,151.82,0.0
2013-08-13,917.2045000000002,1634.812,1399.9440000000002
2013-08-14,241.96,417.584,71.98
2013-08-15,0.0,31.092000000000002,892.596
2013-08-16,537.326,199.82,943.12
2013-08-17,161.28,43.260000000000005,0.0
2013-08-18,0.0,15.712000000000002,0.0
2013-08-19,14.896,441.228,39.99
2013-08-20,0.0,448.79200000000003,0.0
2013-08-21,0.0,0.0,14.78
2013-08-22,4275.522000000001,143.856,378.91399999999993
2013-08-23,98.328,307.022,0.0
2013-08-24,555.312,2126.056,1505.9799999999998
2013-08-25,0.0,0.0,0.0
2013-08-26,0.0,0.0,0.0
2013-08-27,3262.232,383.238,1228.828
2013-08-28,244.61499999999998,463.326,59.97
2013-08-29,156.37279999999998,57.07599999999999,108.576
2013-08-30,405.79999999999995,108.41199999999999,117.97600000000001
2013-08-31,833.784,192.228,630.8580000000001
2013-09-01,0.0,23.968000000000004,0.0
2013-09-02,191.82,4993.394,580.9380000000001
2013-09-03,1476.154,689.751,4626.2880000000005
2013-09-04,642.396,1442.4180000000003,280.78200000000004
2013-09-05,130.81,1321.322,3079.9100000000003
2013-09-06,3461.917,1217.647,546.784
2013-09-07,722.3520000000001,229.74,361.4440000000001
2013-09-08,0.0,0.0,0.0
2013-09-09,3374.9815999999996,966.29,152.71200000000002
2013-09-10,15.008000000000003,69.98400000000001,0.0
2013-09-11,300.93,553.7540000000001,1239.6399999999999
2013-09-12,0.0,600.6,5900.986
2013-09-13,1679.8719999999998,196.268,167.652
2013-09-14,1336.4399999999998,858.3699999999999,179.92
2013-09-15,0.0,699.488,437.84999999999997
2013-09-16,1128.3899999999999,972.7920000000001,0.0
2013-09-17,395.446,30.44,0.0
2013-09-18,430.00800000000004,600.1,1013.018
2013-09-19,3218.7400000000002,1292.3580000000002,239.98400000000004
2013-09-20,1599.324,1990.038,249.95000000000002
2013-09-21,279.36,952.644,0.0
2013-09-22,0.0,0.0,0.0
2013-09-23,100.67200000000003,352.98199999999997,161.916
2013-09-24,1114.426,207.719,0.0
2013-09-25,931.202,1354.848,0.0
2013-09-26,1624.567,793.862,1024.662
2013-09-27,1627.4805,538.7099999999999,531.9760000000001
2013-09-28,956.6647999999999,34.737,1001.5840000000001
2013-09-29,0.0,99.13600000000001,0.0
2013-09-30,0.0,202.382,1105.41
2013-10-01,523.92,1.9639999999999995,0.0
2013-10-02,567.2860000000001,64.71600000000001,149.41200000000003
2013-10-03,0.0,953.022,17499.949999999997
2013-10-04,1552.5080000000003,128.188,0.0
2013-10-05,250.93999999999997,209.252,5452.59
2013-10-06,0.0,0.0,0.0
2013-10-07,0.0,58.730000000000004,771.6700000000001
2013-10-08,0.0,136.112,837.5999999999999
2013-10-09,51.712,509.82400000000007,0.0
2013-10-10,502.4000000000001,20.544000000000004,23.976
2013-10-11,225.666,41.095,15.991999999999999
2013-10-12,0.0,33.064,0.0
2013-10-13,0.0,0.0,0.0
2013-10-14,1017.71,440.932,191.976
2013-10-15,102.59200000000001,291.91200000000003,2941.384
2013-10-16,0.0,1614.6499999999999,5.5
2013-10-17,142.182,0.0,0.0
2013-10-18,241.64600000000002,2261.7300000000005,449.97
2013-10-19,307.92,0.0,0.0
2013-10-20,0.0,0.0,0.0
2013-10-21,504.922,123.572,317.67999999999995
2013-10-22,2012.7600000000002,5499.4400000000005,439.392
2013-10-23,173.26,15.02,0.0
2013-10-24,16.156,451.26599999999996,0.0
2013-10-25,0.0,15.552000000000003,1349.946
2013-10-26,0.0,0.0,783.9600000000002
2013-10-27,0.0,0.0,0.0
2013-10-28,758.8240000000001,219.966,0.0
2013-10-29,1111.368,1485.277,302.376
2013-10-30,67.0,64.154,0.0
2013-10-31,0.0,159.00199999999998,0.0
2013-11-01,2265.7250000000004,1484.7740000000001,0.0
2013-11-02,0.0,363.46200000000005,89.91199999999999
2013-11-03,0.0,0.0,0.0
2013-11-04,1554.779,1913.076,334.94100000000003
2013-11-05,2007.5900000000001,1194.8280000000002,686.4000000000001
2013-11-06,2964.4408,464.82000000000005,837.638
2013-11-07,563.5360000000001,209.72,0.0
2013-11-08,1662.4160000000002,924.172,1223.876
2013-11-09,993.8999999999999,0.0,0.0
2013-11-10,0.0,0.0,479.97
2013-11-11,1004.988,2113.7580000000003,1604.732
2013-11-12,3472.65,1021.7280000000002,449.918
2013-11-13,4158.352,520.626,235.96
2013-11-14,54.08,611.098,2279.96
2013-11-15,856.56,113.596,1803.906
2013-11-16,630.024,1054.928,460.7660000000001
2013-11-17,0.0,36.72,0.0
2013-11-18,0.0,75.50800000000001,67.176
2013-11-19,557.068,1425.712,1976.152
2013-11-20,34.288000000000004,532.214,71.96
2013-11-21,702.0360000000001,620.6229999999999,1747.6740000000002
2013-11-22,514.21,145.82,516.861
2013-11-23,39.88,253.132,24.032
2013-11-24,84.816,15.8,0.0
2013-11-25,2324.6320000000005,1538.086,2531.82
2013-11-26,1762.962,1115.728,5099.861
2013-11-27,4315.22,419.571,3594.9519999999998
2013-11-28,362.5830000000001,802.5540000000001,486.102
2013-11-29,530.472,2456.018,441.882
2013-11-30,242.17600000000004,0.0,58.416
2013-12-01,389.97,543.98,36.192
2013-12-02,1801.2649999999999,4382.351999999999,1181.838
2013-12-03,868.8039999999999,3020.2619999999997,795.55
2013-12-04,2140.888,1478.978,1649.95
2013-12-05,113.78999999999999,752.346,78.15
2013-12-06,2239.0,1793.604,1234.4
2013-12-07,0.0,2287.98,1590.296
2013-12-08,0.0,0.0,0.0
2013-12-09,2698.454,463.891,1546.7500000000005
2013-12-10,1136.8339999999998,588.049,130.6
2013-12-11,1746.468,1668.492,44.75
2013-12-12,2461.7960000000003,1451.6000000000001,2188.854
2013-12-13,477.47,211.813,1291.8319999999999
2013-12-14,1114.272,15.936,63.88
2013-12-15,611.724,216.93,0.0
2013-12-16,2231.895,405.192,0.0
2013-12-17,563.92,43.412,21.209999999999997
2013-12-18,2003.52,10016.014,165.60000000000002
2013-12-19,1183.99,4813.818,1053.542
2013-12-20,759.8900000000001,55.22200000000001,0.0
2013-12-21,18.92,49.32,66.30000000000001
2013-12-22,0.0,0.0,0.0
2013-12-23,919.3040000000001,112.26400000000001,11.56
2013-12-24,1002.8399999999999,1589.751,4373.266
2013-12-25,843.5200000000001,641.09,453.65
2013-12-26,6636.863,205.138,3646.054
2013-12-27,1262.004,175.06,392.35400000000004
2013-12-28,845.4879999999999,74.00200000000001,40.0
2013-12-29,0.0,0.0,0.0
2013-12-30,825.01,452.67,0.0
2013-12-31,170.78599999999997,602.988,0.0
2014-01-01,0.0,429.392,302.376
2014-01-02,975.49,506.3380000000001,0.0
2014-01-03,913.4300000000001,453.834,712.2900000000001
2014-01-04,0.0,2070.2720000000004,0.0
2014-01-05,0.0,0.0,0.0
2014-01-06,0.0,0.0,0.0
2014-01-07,0.0,33.74,0.0
2014-01-08,0.0,335.608,3059.982
2014-01-09,892.98,0.0,0.0
2014-01-10,0.0,274.49100000000004,0.0
2014-01-11,0.0,0.0,0.0
2014-01-12,0.0,0.0,0.0
2014-01-13,37.68,810.8399999999998,0.0
2014-01-14,212.94,4406.389999999999,0.0
2014-01-15,18.96,508.39,528.688
2014-01-16,0.0,2029.704,110.576
2014-01-17,730.2620000000001,5500.03,0.0
2014-01-18,0.0,0.0,0.0
2014-01-19,0.0,0.0,0.0
2014-01-20,919.2389999999998,664.8759999999999,429.59999999999997
2014-01-21,207.84600000000003,39.239999999999995,520.7520000000001
2014-01-22,84.98,1145.78,1315.883
2014-01-23,0.0,1212.422,2999.95
2014-01-24,210.98,57.018,182.336
2014-01-25,0.0,308.3140000000001,110.352
2014-01-26,0.0,0.0,0.0
2014-01-27,62.72,52.629999999999995,2939.9300000000003
2014-01-28,0.0,14.015999999999998,317.898
2014-01-29,37.74,279.9,689.88
2014-01-30,14.91,279.932,0.0
2014-01-31,643.875,290.524,2814.936
2014-02-01,0.0,0.0,0.0
2014-02-02,0.0,0.0,0.0
2014-02-03,296.84000000000003,316.56,299.954
2014-02-04,22.200000000000003,900.127,0.0
2014-02-05,0.0,32.67,0.0
2014-02-06,0.0,1891.812,371.2
2014-02-07,600.754,76.14,227.45999999999998
2014-02-08,0.0,0.0,0.0
2014-02-09,0.0,0.0,0.0
2014-02-10,25.104000000000003,620.6759999999999,127.984
2014-02-11,203.98299999999998,23.12,0.0
2014-02-12,1110.7040000000002,42.036,88.77600000000001
2014-02-13,0.0,0.0,0.0
2014-02-14,107.53,150.94,799.96
2014-02-15,0.0,0.0,0.0
2014-02-16,0.0,0.0,0.0
2014-02-17,608.25,714.202,14.99
2014-02-18,1955.5704,359.36499999999995,649.8820000000001
2014-02-19,0.0,9.82,277.506
2014-02-20,44.67,1269.9199999999998,0.0
2014-02-21,477.84400000000005,90.91,581.536
2014-02-22,0.0,0.0,47.904
2014-02-23,0.0,0.0,0.0
2014-02-24,0.0,45.839999999999996,71.96
2014-02-25,0.0,128.876,1319.8
2014-02-26,428.704,1.7879999999999996,0.0
2014-02-27,984.1840000000001,715.3499999999999,1148.112
2014-02-28,0.0,0.0,0.0
2014-03-01,0.0,17.62,0.0
2014-03-02,0.0,0.0,0.0
2014-03-03,441.96,331.45,676.7159999999999
2014-03-04,751.004,99.68,1149.42
2014-03-05,103.50000000000001,125.32199999999999,0.0
2014-03-06,0.0,940.05,299.96999999999997
2014-03-07,71.97,499.882,206.38400000000001
2014-03-08,0.0,117.51,49.08
2014-03-09,0.0,843.1,0.0
2014-03-10,0.0,30.84,679.964
2014-03-11,983.976,67.124,201.85199999999998
2014-03-12,181.484,951.4939999999999,840.7299999999999
2014-03-13,0.0,283.35,69.93
2014-03-14,89.768,2833.674,1867.9080000000001
2014-03-15,0.0,0.0,49.61600000000001
2014-03-16,0.0,0.0,0.0
2014-03-17,51.264,653.3410000000001,1309.776
2014-03-18,0.0,294.38599999999997,248.35999999999999
2014-03-19,82.524,379.87399999999997,565.36
2014-03-20,728.0899999999999,481.154,957.004
2014-03-21,2.91,392.728,503.93
2014-03-22,1828.0200000000002,1504.616,0.0
2014-03-23,0.0,0.0,0.0
2014-03-24,211.84,604.268,13999.96
2014-03-25,479.61,281.698,495.99
2014-03-26,1986.5200000000002,418.978,1161.5280000000002
2014-03-27,318.408,217.34199999999998,2717.13
2014-03-28,2142.2439999999997,545.1800000000001,246.09199999999998
2014-03-29,48.040000000000006,923.942,532.72
2014-03-30,0.0,81.4,0.0
2014-03-31,94.2,397.415,164.79200000000003
2014-04-01,296.1128,250.488,4434.41
2014-04-02,828.966,320.06199999999995,4823.959999999999
2014-04-03,436.91,26.060000000000002,360.0
2014-04-04,25.472,7.055999999999999,0.0
2014-04-05,0.0,264.39,544.08
2014-04-06,0.0,0.0,0.0
2014-04-07,0.0,114.41999999999999,0.0
2014-04-08,1112.5465000000002,21.584000000000003,837.1600000000001
2014-04-09,637.1399999999999,5764.79,0.0
2014-04-10,0.0,1626.71,0.0
2014-04-11,48.992,510.81100000000004,195.726
2014-04-12,0.0,92.73599999999999,227.07000000000002
2014-04-13,0.0,69.66,0.0
2014-04-14,436.70400000000006,909.1199999999999,0.0
2014-04-15,515.0740000000001,137.856,0.0
2014-04-16,196.45,135.888,0.0
2014-04-17,102.833,815.616,25.98
2014-04-18,278.66400000000004,327.92,2824.8750000000005
2014-04-19,0.0,0.0,0.0
2014-04-20,0.0,0.0,0.0
2014-04-21,470.394,1440.4640000000002,122.38199999999999
2014-04-22,1071.42,123.62799999999999,59.516
2014-04-23,272.63200000000006,675.0600000000001,0.0
2014-04-24,567.2520000000001,431.22200000000004,200.748
2014-04-25,0.0,306.57800000000003,621.98
2014-04-26,344.98099999999994,225.16199999999998,107.97
2014-04-27,1.988,59.620000000000005,0.0
2014-04-28,359.8456,216.73000000000002,0.0
2014-04-29,0.0,43.312,751.984
2014-04-30,1048.35,4.91,0.0
2014-05-01,309.344,400.826,679.9559999999999
2014-05-02,4051.534,7.936,48.9
2014-05-03,129.93,109.62,159.56
2014-05-04,405.9179999999999,980.428,0.0
2014-05-05,300.904,904.541,183.96
2014-05-06,89.99100000000001,95.132,0.0
2014-05-07,623.4648,1332.025,1227.88
2014-05-08,1962.0900000000001,87.444,499.93399999999997
2014-05-09,176.04999999999998,122.552,3359.952
2014-05-10,493.85,384.392,199.98
2014-05-11,0.0,0.0,0.0
2014-05-12,217.97500000000002,231.49399999999997,0.0
2014-05-13,328.33000000000004,554.654,87.4
2014-05-14,458.42999999999995,2019.978,587.97
2014-05-15,1179.6699999999998,964.53,2037.862
2014-05-16,303.544,77.00800000000001,40.712
2014-05-17,0.0,221.024,0.0
2014-05-18,0.0,0.0,0.0
2014-05-19,342.0,902.076,586.432
2014-05-20,2624.58,1108.57,1186.032
2014-05-21,525.2520000000001,1005.998,1466.3280000000002
2014-05-22,520.0500000000001,17.97,0.0
2014-05-23,181.986,86.116,68.46
2014-05-24,171.288,70.148,0.0
2014-05-25,0.0,0.0,0.0
2014-05-26,18.84,747.186,120.0
2014-05-27,0.0,247.16,23.08
2014-05-28,512.3,604.9100000000001,967.698
2014-05-29,799.689,158.118,522.296
2014-05-30,71.664,619.444,0.0
2014-05-31,468.22839999999997,76.50999999999999,192.15200000000004
2014-06-01,0.0,0.0,0.0
2014-06-02,1925.88,2850.246,282.236
2014-06-03,0.0,132.736,2.97
2014-06-04,661.5039999999999,247.26999999999998,2043.2620000000002
2014-06-05,62.32000000000001,145.10999999999999,71.98400000000001
2014-06-06,0.0,20.736000000000004,470.3760000000001
2014-06-07,4.95,26.400000000000002,0.0
2014-06-08,0.0,0.0,0.0
2014-06-09,1497.666,240.732,488.64000000000004
2014-06-10,132.901,806.2320000000001,0.0
2014-06-11,514.165,1497.922,501.256
2014-06-12,455.21200000000005,739.8820000000001,385.80000000000007
2014-06-13,1337.124,206.94799999999998,135.89600000000002
2014-06-14,761.438,346.596,47.984
2014-06-15,0.0,0.0,0.0
2014-06-16,928.2080000000001,481.45400000000006,2647.848
2014-06-17,1514.92,471.352,737.922
2014-06-18,155.25,235.582,3505.84
2014-06-19,917.9234999999999,113.232,0.0
2014-06-20,1306.7049999999997,583.788,225.44799999999998
2014-06-21,0.0,134.348,893.8799999999999
2014-06-22,17.92,577.736,0.0
2014-06-23,487.96,91.05900000000001,0.0
2014-06-24,0.0,0.0,0.0
2014-06-25,449.454,838.16,0.0
2014-06-26,1272.184,87.688,148.48
2014-06-27,800.0020000000001,1304.2,2119.934
2014-06-28,317.946,39.510000000000005,1287.45
2014-06-29,0.0,0.0,0.0
2014-06-30,1381.2932,3078.388,62.31
2014-07-01,2105.661,1614.732,1001.5840000000001
2014-07-02,0.0,639.83,0.0
2014-07-03,0.0,169.192,0.0
2014-07-04,1016.678,459.78400000000005,5486.942
2014-07-05,0.0,0.0,0.0
2014-07-06,332.028,64.366,79.96
2014-07-07,361.37600000000003,19.002000000000002,0.0
2014-07-08,87.21000000000001,52.35600000000001,1480.6839999999997
2014-07-09,484.1,1304.2640000000001,191.9
2014-07-10,526.45,886.7839999999999,257.98
2014-07-11,18.84,340.374,0.0
2014-07-12,0.0,236.89000000000001,1492.002
2014-07-13,0.0,3.816,0.0
2014-07-14,91.00800000000001,373.94,39.593999999999994
2014-07-15,692.45,405.192,2501.292
2014-07-16,1847.529,242.8,41.9
2014-07-17,313.72400000000005,2.9120000000000004,0.0
2014-07-18,1241.149,200.76000000000002,749.964
2014-07-19,1473.888,32.936,599.97
2014-07-20,0.0,0.0,0.0
2014-07-21,539.4159999999999,1353.822,389.97
2014-07-22,661.44,843.86,2180.6440000000002
2014-07-23,526.3439999999999,0.0,29.97
2014-07-24,0.0,338.488,559.7
2014-07-25,0.0,0.0,2399.96
2014-07-26,456.79999999999995,341.94200000000006,0.0
2014-07-27,362.352,0.0,1649.95
2014-07-28,324.65000000000003,39.16,778.87
2014-07-29,0.0,24.964000000000002,1145.6000000000001
2014-07-30,418.63,273.332,699.3320000000001
2014-07-31,0.0,433.426,89.94999999999999
2014-08-01,36.96,1157.276,363.792
2014-08-02,0.0,277.72400000000005,1807.926
2014-08-03,0.0,0.0,0.0
2014-08-04,307.332,184.20000000000002,39.816
2014-08-05,0.0,20.07,0.0
2014-08-06,0.0,423.896,79.78
2014-08-07,161.14000000000001,437.93600000000004,824.95
2014-08-08,258.934,2033.69,1187.0000000000002
2014-08-09,0.0,0.0,0.0
2014-08-10,0.0,0.0,0.0
2014-08-11,121.3,247.27999999999997,1454.4900000000002
2014-08-12,0.0,555.1419999999999,153.584
2014-08-13,1834.8200000000002,1140.6999999999998,717.5640000000001
2014-08-14,455.63199999999995,2185.9480000000003,1.584
2014-08-15,418.29599999999994,22.439999999999998,0.0
2014-08-16,0.0,1949.872,0.0
2014-08-17,0.0,80.56400000000001,0.0
2014-08-18,4970.114,4377.038,170.136
2014-08-19,204.38,4472.954000000001,2401.15
2014-08-20,0.0,512.446,0.0
2014-08-21,0.0,549.11,143.84
2014-08-22,2093.584,5992.322000000001,465.1480000000001
2014-08-23,524.54,0.0,0.0
2014-08-24,2.7840000000000003,219.66400000000002,4367.896000000001
2014-08-25,0.0,685.0560000000002,0.0
2014-08-26,130.98,231.00800000000004,0.0
2014-08-27,64.96,53.72,71.98
2014-08-28,2037.7399999999998,1804.9560000000001,2347.8420000000006
2014-08-29,1137.75,270.714,35.168
2014-08-30,148.02,87.44800000000001,0.0
2014-08-31,0.0,0.0,0.0
2014-09-01,569.5680000000001,1243.954,1349.308
2014-09-02,896.72,345.1,19.99
2014-09-03,2527.552,2852.518,3974.784
2014-09-04,620.631,589.448,385.77
2014-09-05,3722.982,1477.4840000000002,159.736
2014-09-06,0.0,237.476,89.568
2014-09-07,0.0,0.0,0.0
2014-09-08,470.688,2388.661,989.216
2014-09-09,1000.2389999999999,236.072,948.016
2014-09-10,482.56399999999996,1427.003,2446.4939999999997
2014-09-11,362.352,1290.524,853.77
2014-09-12,2810.8940000000002,2529.2000000000003,223.91199999999998
2014-09-13,8.36,483.19,0.0
2014-09-14,0.0,15.920000000000002,0.0
2014-09-15,830.718,1307.0800000000002,2229.549
2014-09-16,2612.768,3482.8280000000004,1189.43
2014-09-17,22.512000000000004,633.186,193.952
2014-09-18,2335.29,658.206,1985.73
2014-09-19,30.14,872.79,609.0
2014-09-20,481.80400000000003,262.954,903.4300000000001
2014-09-21,5496.174000000001,113.824,1749.92
2014-09-22,0.0,186.212,151.96
2014-09-23,254.03,5854.139000000001,1763.044
2014-09-24,804.7320000000001,1011.1759999999999,579.8779999999999
2014-09-25,1427.24,438.57800000000003,4584.644
2014-09-26,805.736,486.517,119.96000000000001
2014-09-27,428.376,1058.2,0.0
2014-09-28,0.0,0.0,0.0
2014-09-29,42.016000000000005,462.87100000000004,54.38400000000001
2014-09-30,553.688,813.906,576.486
2014-10-01,0.0,380.78,159.98
2014-10-02,559.76,609.066,1809.64
2014-10-03,2758.4640000000004,2139.6240000000003,519.934
2014-10-04,255.20800000000003,1877.3020000000001,371.96999999999997
2014-10-05,19.98,0.0,0.0
2014-10-06,935.8020000000001,228.30800000000002,5520.505999999999
2014-10-07,41.96,1137.732,319.96
2014-10-08,462.43,739.822,1546.9579999999999
2014-10-09,145.764,83.44,379.15200000000004
2014-10-10,1333.393,163.19600000000003,0.0
2014-10-11,239.358,0.0,0.0
2014-10-12,0.0,0.0,0.0
2014-10-13,3123.328,233.788,2278.238
2014-10-14,1514.996,6648.882,241.924
2014-10-15,9.46,78.51199999999999,46.36
2014-10-16,532.96,484.9800000000001,0.0
2014-10-17,2422.558,432.526,618.5130000000001
2014-10-18,0.0,73.56,52.792
2014-10-19,0.0,0.0,0.0
2014-10-20,531.1622,1924.4520000000002,326.25600000000003
2014-10-21,328.29999999999995,989.5740000000001,15.984000000000002
2014-10-22,1470.2380000000003,1268.655,1798.308
2014-10-23,1005.3409999999999,468.278,13685.258
2014-10-24,1193.4,380.07400000000007,1778.92
2014-10-25,517.4050000000001,11.68,0.0
2014-10-26,0.0,0.0,0.0
2014-10-27,356.85,442.836,200.18199999999996
2014-10-28,746.241,145.095,194.98399999999998
2014-10-29,77.952,280.59799999999996,50.176
2014-10-30,0.0,46.96,0.0
2014-10-31,1301.758,2133.092,590.88
2014-11-01,0.0,15.16,508.76800000000003
2014-11-02,2665.62,255.81,0.0
2014-11-03,1159.624,2025.652,3109.1099999999997
2014-11-04,2524.0499999999997,407.50100000000003,1605.386
2014-11-05,523.764,473.7680000000001,9670.564
2014-11-06,396.024,815.552,1143.488
2014-11-07,2681.362,1481.478,125.91000000000001
2014-11-08,623.3219999999999,160.892,1629.1640000000002
2014-11-09,274.20000000000005,109.9,0.0
2014-11-10,883.018,2250.7200000000003,1617.7540000000001
2014-11-11,1482.52,1444.8280000000002,1080.2
2014-11-12,123.84000000000002,1656.194,35.184
2014-11-13,250.30400000000003,1375.124,1285.9579999999999
2014-11-14,2765.6532,1971.528,1896.239
2014-11-15,321.568,225.19799999999998,287.892
2014-11-16,559.2,0.0,0.0
2014-11-17,289.59,1225.466,3240.178
2014-11-18,515.4928,1722.2099999999998,11457.18
2014-11-19,152.96599999999998,1109.3200000000002,207.47000000000003
2014-11-20,2603.165,4762.138999999999,31.968000000000004
2014-11-21,880.862,274.482,1832.93
2014-11-22,98.4,382.64,1755.144
2014-11-23,0.0,35.712,0.0
2014-11-24,186.697,445.964,520.4480000000001
2014-11-25,1734.028,2832.945,392.668
2014-11-26,2639.3089999999997,686.928,339.91999999999996
2014-11-27,1375.6,463.89000000000004,3208.682
2014-11-28,65.78,1185.016,367.458
2014-11-29,4659.14,273.914,1979.89
2014-11-30,491.88800000000003,0.0,0.0
2014-12-01,4129.727999999999,1417.566,1097.988
2014-12-02,2542.292,1371.45,1417.4360000000001
2014-12-03,3527.504,2665.612,3758.066
2014-12-04,591.84,447.932,364.07000000000005
2014-12-05,992.7819999999999,199.138,1447.7179999999998
2014-12-06,321.47999999999996,796.06,335.596
2014-12-07,0.0,10.68,0.0
2014-12-08,82.38,2279.774,554.36
2014-12-09,3368.265,2632.752,1642.0240000000001
2014-12-10,1927.233,1447.079,2096.078
2014-12-11,2102.264,973.235,798.06
2014-12-12,1448.529,899.7460000000001,475.69
2014-12-13,0.0,0.0,0.0
2014-12-14,489.01599999999996,91.92000000000002,0.0
2014-12-15,1852.532,320.73199999999997,1724.45
2014-12-16,22.77,87.342,196.776
2014-12-17,197.71200000000002,321.09000000000003,339.9
2014-12-18,629.26,1398.498,0.0
2014-12-19,1380.681,2115.91,149.32
2014-12-20,115.37800000000001,1780.548,0.0
2014-12-21,0.0,377.736,0.0
2014-12-22,15.92,1772.0500000000002,352.96999999999997
2014-12-23,4086.4559999999997,1851.813,1503.752
2014-12-24,282.114,1149.692,494.97
2014-12-25,1393.4940000000001,1479.6380000000001,3359.9220000000005
2014-12-26,832.454,1465.2649999999999,401.20799999999997
2014-12-27,0.0,814.5939999999999,0.0
2014-12-28,0.0,13.248,164.388
2014-12-29,551.2568,1091.2440000000001,14.850000000000001
2014-12-30,2330.718,282.44,302.376
2014-12-31,323.136,299.724,90.93
